
-- noinspection SqlDialectInspectionForFile

-- noinspection SqlNoDataSourceInspectionForFile
INSERT INTO USERS (USER_ID, PASSWORD) VALUES ('john@doe.com','john');
INSERT INTO USERS (USER_ID, PASSWORD) VALUES ('mike@doe.com','mike');
INSERT INTO USERS (USER_ID, PASSWORD) VALUES ('will@doe.com','will');

--
INSERT INTO MOVIES (ID,NAME,RELEASE_YEAR,CATEGORY,IS_AWARDED) VALUES (5,'The King''s Speech',2010,'Best Picture',TRUE);
INSERT INTO MOVIES (ID,NAME,RELEASE_YEAR,CATEGORY,IS_AWARDED) VALUES (15,'The Hurt Locker',2009,'Best Picture',TRUE);
INSERT INTO MOVIES (ID,NAME,RELEASE_YEAR,CATEGORY,IS_AWARDED) VALUES (50,'Seabiscuit',2003,'Best Picture',FALSE);
INSERT INTO MOVIES (ID,NAME,RELEASE_YEAR,CATEGORY,IS_AWARDED) VALUES (23,'Milk',2008,'Best Picture',FALSE);
INSERT INTO MOVIES (ID,NAME,RELEASE_YEAR,CATEGORY,IS_AWARDED) VALUES (80,'Titanic',1997,'Best Picture',TRUE);
INSERT INTO MOVIES (ID,NAME,RELEASE_YEAR,CATEGORY,IS_AWARDED) VALUES (180,'The Turning Point',1977,'Best Picture',FALSE);
INSERT INTO MOVIES (ID,NAME,RELEASE_YEAR,CATEGORY,IS_AWARDED) VALUES (150,'Terms of Endearment',1983,'Best Picture',TRUE);
INSERT INTO MOVIES (ID,NAME,RELEASE_YEAR,CATEGORY,IS_AWARDED) VALUES (110,'The Silence of the Lambs',1991,'Best Picture',TRUE);
INSERT INTO MOVIES (ID,NAME,RELEASE_YEAR,CATEGORY,IS_AWARDED) VALUES (170,'Norma Rae',1979,'Best Picture',FALSE);
INSERT INTO MOVIES (ID,NAME,RELEASE_YEAR,CATEGORY,IS_AWARDED) VALUES (226,'Bonnie and Clyde',1967,'Best Picture',FALSE);
INSERT INTO MOVIES (ID,NAME,RELEASE_YEAR,CATEGORY,IS_AWARDED) VALUES (334,'The Razor''s Edge',1946,'Best Picture',FALSE);
INSERT INTO MOVIES (ID,NAME,RELEASE_YEAR,CATEGORY,IS_AWARDED) VALUES (390,'Mr. Smith Goes to Washington',1939,'Best Picture',FALSE);
INSERT INTO MOVIES (ID,NAME,RELEASE_YEAR,CATEGORY,IS_AWARDED) VALUES (479,'Fox',1929,'Best Picture',FALSE);
INSERT INTO MOVIES (ID,NAME,RELEASE_YEAR,CATEGORY,IS_AWARDED) VALUES (461,'Bad Girl',1932,'Best Picture',FALSE);
INSERT INTO MOVIES (ID,NAME,RELEASE_YEAR,CATEGORY,IS_AWARDED) VALUES (455,'Little Women',1933,'Best Picture',FALSE);
INSERT INTO MOVIES (ID,NAME,RELEASE_YEAR,CATEGORY,IS_AWARDED) VALUES (464,'Grand Hotel',1932,'Best Picture',TRUE);

INSERT INTO MOVIE_RATING  (RATING,MOVIE_ID,USER_ID) values (6.2,5,'john@doe.com');
INSERT INTO MOVIE_RATING  (RATING,MOVIE_ID,USER_ID) values (8.2,5,'mike@doe.com');
INSERT INTO MOVIE_RATING  (RATING,MOVIE_ID,USER_ID) values (2.4,5,'will@doe.com');
INSERT INTO MOVIE_RATING  (RATING,MOVIE_ID,USER_ID) values (4.2,50,'john@doe.com');
INSERT INTO MOVIE_RATING  (RATING,MOVIE_ID,USER_ID) values (8.0,50,'mike@doe.com');
INSERT INTO MOVIE_RATING  (RATING,MOVIE_ID,USER_ID) values (2.6,50,'will@doe.com');
INSERT INTO MOVIE_RATING  (RATING,MOVIE_ID,USER_ID) values (9.2,80,'john@doe.com');
INSERT INTO MOVIE_RATING  (RATING,MOVIE_ID,USER_ID) values (8.2,80,'mike@doe.com');
INSERT INTO MOVIE_RATING  (RATING,MOVIE_ID,USER_ID) values (9.4,80,'will@doe.com');
INSERT INTO MOVIE_RATING  (RATING,MOVIE_ID,USER_ID) values (5.2,180,'john@doe.com');
INSERT INTO MOVIE_RATING  (RATING,MOVIE_ID,USER_ID) values (5.2,180,'mike@doe.com');
INSERT INTO MOVIE_RATING  (RATING,MOVIE_ID,USER_ID) values (5.4,180,'will@doe.com');
INSERT INTO MOVIE_RATING  (RATING,MOVIE_ID,USER_ID) values (6.9,15,'john@doe.com');
INSERT INTO MOVIE_RATING  (RATING,MOVIE_ID,USER_ID) values (8.9,15,'mike@doe.com');
INSERT INTO MOVIE_RATING  (RATING,MOVIE_ID,USER_ID) values (6.1,15,'will@doe.com');
INSERT INTO MOVIE_RATING  (RATING,MOVIE_ID,USER_ID) values (3.2,150,'john@doe.com');
INSERT INTO MOVIE_RATING  (RATING,MOVIE_ID,USER_ID) values (1.0,150,'mike@doe.com');
INSERT INTO MOVIE_RATING  (RATING,MOVIE_ID,USER_ID) values (0.6,150,'will@doe.com');
INSERT INTO MOVIE_RATING  (RATING,MOVIE_ID,USER_ID) values (8.2,110,'john@doe.com');
INSERT INTO MOVIE_RATING  (RATING,MOVIE_ID,USER_ID) values (7.2,110,'mike@doe.com');
INSERT INTO MOVIE_RATING  (RATING,MOVIE_ID,USER_ID) values (9.4,110,'will@doe.com');
INSERT INTO MOVIE_RATING  (RATING,MOVIE_ID,USER_ID) values (5.0,170,'john@doe.com');
INSERT INTO MOVIE_RATING  (RATING,MOVIE_ID,USER_ID) values (8.6,170,'mike@doe.com');
INSERT INTO MOVIE_RATING  (RATING,MOVIE_ID,USER_ID) values (8.9,170,'will@doe.com');
INSERT INTO MOVIE_RATING  (RATING,MOVIE_ID,USER_ID) values (6.8,226,'john@doe.com');
INSERT INTO MOVIE_RATING  (RATING,MOVIE_ID,USER_ID) values (0.9,226,'mike@doe.com');
INSERT INTO MOVIE_RATING  (RATING,MOVIE_ID,USER_ID) values (2.1,226,'will@doe.com');
INSERT INTO MOVIE_RATING  (RATING,MOVIE_ID,USER_ID) values (3.2,334,'john@doe.com');
INSERT INTO MOVIE_RATING  (RATING,MOVIE_ID,USER_ID) values (5.2,334,'mike@doe.com');
INSERT INTO MOVIE_RATING  (RATING,MOVIE_ID,USER_ID) values (7.6,334,'will@doe.com');
INSERT INTO MOVIE_RATING  (RATING,MOVIE_ID,USER_ID) values (7.2,390,'john@doe.com');
INSERT INTO MOVIE_RATING  (RATING,MOVIE_ID,USER_ID) values (6.9,390,'mike@doe.com');
INSERT INTO MOVIE_RATING  (RATING,MOVIE_ID,USER_ID) values (8.4,390,'will@doe.com');
INSERT INTO MOVIE_RATING  (RATING,MOVIE_ID,USER_ID) values (6.0,479,'john@doe.com');
INSERT INTO MOVIE_RATING  (RATING,MOVIE_ID,USER_ID) values (6.6,479,'mike@doe.com');
INSERT INTO MOVIE_RATING  (RATING,MOVIE_ID,USER_ID) values (6.9,479,'will@doe.com');